{"cameraMode":{"drawMode":0,"name":"Shaded","section":"Shading Mode"},"sceneLighting":true,"audioPlay":false,"sceneViewState":{"showFog":true,"showMaterialUpdate":false,"showSkybox":true,"showFlares":true,"showImageEffects":true,"showParticleSystems":true},"in2DMode":false,"pivot":{"x":4.76837158203125e-7,"y":2.0,"z":-5.999997615814209},"rotation":{"x":-0.009304279461503029,"y":0.9659584760665894,"z":-0.03508913516998291,"w":-0.2561374008655548},"size":26.753692626953126,"orthographic":false}